{"cameraMode":{"drawMode":0,"name":"Shaded","section":"Shading Mode"},"sceneLighting":false,"audioPlay":false,"sceneViewState":{"showFog":true,"showMaterialUpdate":false,"showSkybox":false,"showFlares":true,"showImageEffects":true,"showParticleSystems":true},"in2DMode":false,"pivot":{"x":1.0832366943359376,"y":2.2820000648498537,"z":1.0520000457763672},"rotation":{"x":0.0027162055484950544,"y":-0.9907640218734741,"z":-0.020510749891400338,"w":-0.1342795193195343},"size":0.17423628270626069,"orthographic":true}