{"cameraMode":{"drawMode":0,"name":"Shaded","section":"Shading Mode"},"sceneLighting":true,"audioPlay":false,"sceneViewState":{"showFog":true,"showMaterialUpdate":false,"showSkybox":true,"showFlares":true,"showImageEffects":true,"showParticleSystems":true},"in2DMode":false,"pivot":{"x":-1.5355148315429688,"y":0.443359375,"z":-0.0657958984375},"rotation":{"x":0.0027162055484950544,"y":-0.9907640218734741,"z":-0.020510749891400338,"w":-0.1342795193195343},"size":3.4429872035980226,"orthographic":true}